Package,Version,Direct Dependencies,Indirect Dependencies,Direct Dependency Count,Indirect Dependency Count,Total Dependency Count,SAST Issues,Runtime Telemetry Issues,HGAT GNN Risk,LSTM Drift Risk,Composite Risk Score,Confidence,Risk Level
warcio,1.8.1,"six,pytest,pytest-cov,requests,flask,fsspec,aiohttp,requests","adbc-driver-postgresql>=0.8.0,adbc-driver-sqlite>=0.8.0,adlfs,aiobotocore<3.0.0,>=2.5.4,aiodns>=3.3.0,aiohappyeyeballs>=2.5.0,aiohttp!=4.0.0a0,!=4.0.0a1,aiosignal>=1.4.0,appnope,argcomplete,asgiref>=3.2,async-timeout<6.0,>=4.0,attrs>=17.3.0,attrs>=19.2,babel>=2.7,backports.zstd,beautifulsoup4>=4.11.2,blinker>=1.9,botocore,bottleneck>=1.3.6,brotli>=1.0.9,brotli>=1.2,brotlicffi>=0.8.0,brotlicffi>=1.2,brotlipy,build[virtualenv]>=1.0.3,certifi,chardet,charset-normalizer,click>=5.0,click>=8.1.3,cloudpickle,colorama,colorama>=0.4,comm>=0.1.1,contourpy>=1.0.1,coverage[toml],coverage[toml]>=7.10.6,curio,cycler>=0.10,dask,dask[dataframe,test],dataframe-api-compat>=0.1.7,debugpy>=1.6.5,distributed,dropbox,dropboxdrivefs,enum34,exceptiongroup>=1,fastparquet,fastparquet>=2022.12.0,filelock>=3.4.0,flaky,flask_cors,fonttools>=4.22.0,frozenlist>=1.1.1,fsspec>=2022.11.0,furo,fusepy,gcsfs,gcsfs>=2022.11.0,h2<5,>=4,hatch,hookdns,html5lib>=1.1,httpbin>=0.10.2,hypothesis>=3.56,hypothesis>=6.46.1,idna,idna>=2.0,importlib-metadata>=3.6,importlib-resources>=5.0,importlib_metadata>=6,importlib_metadata>=7.0.2,ini2toml[lite]>=0.14,iniconfig>=1,ipaddress,ipykernel,ipyparallel,ipython>=7.23.1,ipywidgets>=6,itsdangerous>=2.2,jaraco.collections,jaraco.develop>=7.21,jaraco.envs>=2.2,jaraco.functools>=4,jaraco.packaging>=9.3,jaraco.path>=3.7.2,jaraco.test>=5.5,jaraco.text>=3.7,jaraco.tidelift>=1.4,jinja2,jinja2>=3.1.2,jupyter-client>=6.1.12,jupyter-core!=5.0.*,>=4.12,jupyter-server<3,>=2.4.0,jupyter-server[test]<3,>=2.4.0,jupyterlab-server<3,>=2.27.1,jupyterlab-server[test]<3,>=2.27.1,jupyterlab<4.3,>=4.2.0,kerchunk,kiwisolver>=1.3.1,libarchive-c,lxml>=4.9.2,lz4,markupsafe>=2.0,matplotlib,matplotlib-inline>=0.1,matplotlib>=3.6.3,meson-python<0.17.0,>=0.13.1,mock,more_itertools,more_itertools>=8.8,moto[s3]>=4,moto[server]<5,>4,multidict<7.0,>=4.5,multidict>=4.0,mypy==1.14.*,myst-parser,nbsphinx,nbval,nest-asyncio,notebook,notebook-shim<0.3,>=0.2,numba>=0.56.4,numexpr>=2.8.4,numpy,numpy>=1.22.4,numpy>=1.23,numpy>=1.23.2,numpy>=1.26.0,numpydoc,ocifs,odfpy>=1.4.1,openpyxl>=3.1.0,packaging,packaging>=20,packaging>=20.0,packaging>=24.2,pandas,pandas-gbq>=0.19.0,panel,paramiko,pillow>=8,pip>=19.1,platformdirs>=4.2.2,pluggy<2,>=1.5,pluggy>=1.2,pre-commit,process-tests,propcache>=0.2.0,propcache>=0.2.1,psutil,psycopg2>=2.9.6,pyarrow,pyarrow>=1,pyarrow>=10.0.1,pybind11!=2.13.3,>=2.13.2,pydata-sphinx-theme,pyftpdlib,pygit2,pygments-github-lexers==0.0.5,pygments>=2.7.2,pymysql>=1.0.2,pyparsing>=2.3.1,pyproject-hooks!=1.1,pyqt5,pyqt5>=5.15.9,pyreadstat>=1.2.0,pyside6,pysocks,pysocks!=1.5.7,<2.0,>=1.5.6,pytest!=8.1.*,>=6,pytest-asyncio!=0.22.0,pytest-asyncio>=0.23.5,pytest-asyncio>=0.24,pytest-benchmark,pytest-checkdocs>=2.4,pytest-console-scripts,pytest-enabler>=2.2,pytest-home>=0.5,pytest-mock,pytest-mypy,pytest-perf,pytest-recording,pytest-rerunfailures,pytest-ruff>=0.2.1,pytest-subprocess,pytest-timeout,pytest-tornasync,pytest-xdist,pytest-xdist>=2.2.0,pytest-xdist>=3,pytest>=6,pytest>=7,pytest>=7.0,pytest>=7.3.2,python-calamine>=0.1.7,python-dateutil>=2.7,python-dateutil>=2.8.2,python-dotenv,python-snappy,pytz>=2020.1,pywin32,pyxlsb>=1.0.10,pyzmq>=24,qtpy>=2.3.0,rst.linker>=1.9,ruff>=0.5,ruff>=0.8.0,s3fs,s3fs>=2022.11.0,scipy>=1.10.0,setuptools,setuptools>=64,setuptools_scm>=7,slack-sdk,smbprotocol,sphinx,sphinx-autodoc-typehints,sphinx-design,sphinx-favicon,sphinx-inline-tabs,sphinx-lint,sphinx-notfound-page<2,>=1,sphinx-reredirects,sphinx-rtd-theme,sphinx>=1.3.6,sphinx>=3.5,sphinxcontrib-github-alt,sphinxcontrib-spelling,sphinxcontrib-towncrier,sqlalchemy>=2.0.0,tables>=3.8.0,tabulate>=0.9.0,tomli-w>=1.0.0,tomli>=1,tomli>=2.0.1,tornado>=6.1,tornado>=6.2.0,towncrier<24.7,tqdm,traitlets>=5.4.0,trio,tzdata>=2022.7,urllib3,urllib3<1.26.16,>=1.26.5,virtualenv,virtualenv>=13.0.0,warcio[s3],werkzeug>=3.1,wheel>=0.43.0,wheel>=0.44.0,wmi,wsgiprox,xarray,xarray>=2022.12.0,xlrd>=2.0.1,xlsxwriter>=3.0.5,xmlschema,yarl,yarl<2.0,>=1.17.0,zarr,zstandard,zstandard>=0.18.0,zstandard>=0.19.0",8,266,274,6,23,0.4175613224506378,0.27976933121681213,0.3624445259571075,0.8412666422128677,Medium
six,1.16.0,None,None,0,0,0,1,37,0.03066493757069111,0.19423310458660126,0.09609220437705517,0.9211723386868834,Low
pytest,8.4.2,"requests,setuptools","argcomplete,attrs>=19.2,brotli>=1.0.9,brotlicffi>=0.8.0,build[virtualenv]>=1.0.3,certifi,chardet,charset-normalizer,colorama>=0.4,coverage[toml]>=7.10.6,exceptiongroup>=1,filelock>=3.4.0,furo,h2<5,>=4,hypothesis>=3.56,idna,importlib_metadata>=6,importlib_metadata>=7.0.2,ini2toml[lite]>=0.14,iniconfig>=1,jaraco.collections,jaraco.develop>=7.21,jaraco.envs>=2.2,jaraco.functools>=4,jaraco.packaging>=9.3,jaraco.path>=3.7.2,jaraco.test>=5.5,jaraco.text>=3.7,jaraco.tidelift>=1.4,mock,more_itertools,more_itertools>=8.8,mypy==1.14.*,packaging,packaging>=20,packaging>=24.2,pip>=19.1,platformdirs>=4.2.2,pluggy<2,>=1.5,pluggy>=1.2,process-tests,pygments-github-lexers==0.0.5,pygments>=2.7.2,pyproject-hooks!=1.1,pysocks,pysocks!=1.5.7,<2.0,>=1.5.6,pytest!=8.1.*,>=6,pytest-checkdocs>=2.4,pytest-cov,pytest-enabler>=2.2,pytest-home>=0.5,pytest-mypy,pytest-perf,pytest-ruff>=0.2.1,pytest-subprocess,pytest-timeout,pytest-xdist,pytest-xdist>=3,pytest>=7,rst.linker>=1.9,ruff>=0.8.0,sphinx-favicon,sphinx-inline-tabs,sphinx-lint,sphinx-notfound-page<2,>=1,sphinx-reredirects,sphinx>=3.5,sphinxcontrib-towncrier,tomli-w>=1.0.0,tomli>=1,tomli>=2.0.1,towncrier<24.7,urllib3,virtualenv,virtualenv>=13.0.0,wheel>=0.43.0,wheel>=0.44.0,xmlschema,zstandard>=0.18.0",2,79,81,0,107,0.12350205332040787,0.7399032115936279,0.3700625166296959,0.8389812450110912,Medium
pytest-cov,7.0.0,None,"coverage[toml]>=7.10.6,pluggy>=1.2,process-tests,pytest-xdist,pytest>=7,virtualenv",0,6,6,0,0,0.006566883530467749,0.24945907294750214,0.1037237592972815,0.9188828722108155,Low
requests,2.32.3,"charset-normalizer,idna,urllib3,certifi,chardet","brotli>=1.0.9,brotlicffi>=0.8.0,h2<5,>=4,pysocks,pysocks!=1.5.7,<2.0,>=1.5.6,zstandard>=0.18.0",5,6,11,12,195,0.9375773072242737,0.9708701968193054,0.9508944630622864,0.9352683389186859,Critical
Flask,3.1.0,python-dotenv,"asgiref>=3.2,blinker>=1.9,click>=5.0,click>=8.1.3,importlib-metadata>=3.6,itsdangerous>=2.2,jinja2>=3.1.2,werkzeug>=3.1",1,8,9,14,380,0.9286082983016968,0.2355208396911621,0.6513733148574828,0.8454119944572448,High
fsspec,2025.7.0,"yarl,requests,requests,tqdm,requests,numpy,pytest,pytest-cov,requests,jinja2,notebook,numpy,pandas,pyarrow,pytest,pytest-cov,requests,tqdm,urllib3,tqdm","adbc-driver-postgresql>=0.8.0,adbc-driver-sqlite>=0.8.0,adlfs,aiobotocore<3.0.0,>=2.5.4,aiohttp!=4.0.0a0,!=4.0.0a1,appnope,argcomplete,attrs>=19.2,babel>=2.7,beautifulsoup4>=4.11.2,bottleneck>=1.3.6,brotli>=1.0.9,brotlicffi>=0.8.0,build[virtualenv]>=1.0.3,certifi,chardet,charset-normalizer,cloudpickle,colorama,colorama>=0.4,comm>=0.1.1,contourpy>=1.0.1,coverage[toml],coverage[toml]>=7.10.6,curio,cycler>=0.10,dask,dask[dataframe,test],dataframe-api-compat>=0.1.7,debugpy>=1.6.5,distributed,dropbox,dropboxdrivefs,enum34,exceptiongroup>=1,fastparquet,fastparquet>=2022.12.0,filelock>=3.4.0,flaky,fonttools>=4.22.0,fsspec>=2022.11.0,furo,fusepy,gcsfs,gcsfs>=2022.11.0,h2<5,>=4,hatch,html5lib>=1.1,hypothesis>=3.56,hypothesis>=6.46.1,idna,idna>=2.0,importlib-resources>=5.0,importlib_metadata>=6,importlib_metadata>=7.0.2,ini2toml[lite]>=0.14,iniconfig>=1,ipaddress,ipykernel,ipyparallel,ipython>=7.23.1,ipywidgets>=6,jaraco.collections,jaraco.develop>=7.21,jaraco.envs>=2.2,jaraco.functools>=4,jaraco.packaging>=9.3,jaraco.path>=3.7.2,jaraco.test>=5.5,jaraco.text>=3.7,jaraco.tidelift>=1.4,jinja2>=3.1.2,jupyter-client>=6.1.12,jupyter-core!=5.0.*,>=4.12,jupyter-server<3,>=2.4.0,jupyter-server[test]<3,>=2.4.0,jupyterlab-server<3,>=2.27.1,jupyterlab-server[test]<3,>=2.27.1,jupyterlab<4.3,>=4.2.0,kerchunk,kiwisolver>=1.3.1,libarchive-c,lxml>=4.9.2,lz4,markupsafe>=2.0,matplotlib,matplotlib-inline>=0.1,matplotlib>=3.6.3,meson-python<0.17.0,>=0.13.1,mock,more_itertools,more_itertools>=8.8,moto[server]<5,>4,multidict>=4.0,mypy==1.14.*,myst-parser,nbsphinx,nbval,nest-asyncio,notebook-shim<0.3,>=0.2,numba>=0.56.4,numexpr>=2.8.4,numpy>=1.22.4,numpy>=1.23,numpy>=1.23.2,numpy>=1.26.0,numpydoc,ocifs,odfpy>=1.4.1,openpyxl>=3.1.0,packaging,packaging>=20,packaging>=20.0,packaging>=24.2,pandas-gbq>=0.19.0,panel,paramiko,pillow>=8,pip>=19.1,platformdirs>=4.2.2,pluggy<2,>=1.5,pluggy>=1.2,pre-commit,process-tests,propcache>=0.2.1,psutil,psycopg2>=2.9.6,pyarrow>=1,pyarrow>=10.0.1,pybind11!=2.13.3,>=2.13.2,pydata-sphinx-theme,pyftpdlib,pygit2,pygments-github-lexers==0.0.5,pygments>=2.7.2,pymysql>=1.0.2,pyparsing>=2.3.1,pyproject-hooks!=1.1,pyqt5,pyqt5>=5.15.9,pyreadstat>=1.2.0,pyside6,pysocks,pysocks!=1.5.7,<2.0,>=1.5.6,pytest!=8.1.*,>=6,pytest-asyncio!=0.22.0,pytest-asyncio>=0.23.5,pytest-asyncio>=0.24,pytest-benchmark,pytest-checkdocs>=2.4,pytest-console-scripts,pytest-enabler>=2.2,pytest-home>=0.5,pytest-mock,pytest-mypy,pytest-perf,pytest-recording,pytest-rerunfailures,pytest-ruff>=0.2.1,pytest-subprocess,pytest-timeout,pytest-tornasync,pytest-xdist,pytest-xdist>=2.2.0,pytest-xdist>=3,pytest>=6,pytest>=7,pytest>=7.0,pytest>=7.3.2,python-calamine>=0.1.7,python-dateutil>=2.7,python-dateutil>=2.8.2,python-snappy,pytz>=2020.1,pywin32,pyxlsb>=1.0.10,pyzmq>=24,qtpy>=2.3.0,rst.linker>=1.9,ruff>=0.5,ruff>=0.8.0,s3fs,s3fs>=2022.11.0,scipy>=1.10.0,setuptools,setuptools>=64,setuptools_scm>=7,slack-sdk,smbprotocol,sphinx,sphinx-autodoc-typehints,sphinx-design,sphinx-favicon,sphinx-inline-tabs,sphinx-lint,sphinx-notfound-page<2,>=1,sphinx-reredirects,sphinx-rtd-theme,sphinx>=1.3.6,sphinx>=3.5,sphinxcontrib-github-alt,sphinxcontrib-spelling,sphinxcontrib-towncrier,sqlalchemy>=2.0.0,tables>=3.8.0,tabulate>=0.9.0,tomli-w>=1.0.0,tomli>=1,tomli>=2.0.1,tornado>=6.1,tornado>=6.2.0,towncrier<24.7,traitlets>=5.4.0,trio,tzdata>=2022.7,virtualenv,virtualenv>=13.0.0,wheel>=0.43.0,wheel>=0.44.0,wmi,xarray,xarray>=2022.12.0,xlrd>=2.0.1,xlsxwriter>=3.0.5,xmlschema,zarr,zstandard,zstandard>=0.18.0,zstandard>=0.19.0",20,229,249,394,265,0.9592213034629822,0.2082364708185196,0.6588273704051971,0.8476482111215591,High
aiohttp,3.13.5,None,"aiodns>=3.3.0,aiohappyeyeballs>=2.5.0,aiosignal>=1.4.0,async-timeout<6.0,>=4.0,attrs>=17.3.0,backports.zstd,brotli>=1.2,brotlicffi>=1.2,frozenlist>=1.1.1,multidict<7.0,>=4.5,propcache>=0.2.0,yarl<2.0,>=1.17.0",0,12,12,180,15,0.8866135478019714,0.9610856175422668,0.9164023756980896,0.9249207127094268,Critical
setuptools,75.8.2,"packaging,pytest-cov","build[virtualenv]>=1.0.3,coverage[toml]>=7.10.6,filelock>=3.4.0,furo,importlib_metadata>=6,importlib_metadata>=7.0.2,ini2toml[lite]>=0.14,jaraco.collections,jaraco.develop>=7.21,jaraco.envs>=2.2,jaraco.functools>=4,jaraco.packaging>=9.3,jaraco.path>=3.7.2,jaraco.test>=5.5,jaraco.text>=3.7,jaraco.tidelift>=1.4,more_itertools,more_itertools>=8.8,mypy==1.14.*,packaging>=24.2,pip>=19.1,platformdirs>=4.2.2,pluggy>=1.2,process-tests,pygments-github-lexers==0.0.5,pyproject-hooks!=1.1,pytest!=8.1.*,>=6,pytest-checkdocs>=2.4,pytest-enabler>=2.2,pytest-home>=0.5,pytest-mypy,pytest-perf,pytest-ruff>=0.2.1,pytest-subprocess,pytest-timeout,pytest-xdist,pytest-xdist>=3,pytest>=7,rst.linker>=1.9,ruff>=0.8.0,sphinx-favicon,sphinx-inline-tabs,sphinx-lint,sphinx-notfound-page<2,>=1,sphinx-reredirects,sphinx>=3.5,sphinxcontrib-towncrier,tomli-w>=1.0.0,tomli>=2.0.1,towncrier<24.7,virtualenv,virtualenv>=13.0.0,wheel>=0.43.0,wheel>=0.44.0",2,54,56,0,303,0.003306858940050006,0.7484965324401855,0.3013827283401042,0.8595851814979687,Low
charset-normalizer,3.3.2,None,None,0,0,0,4,0,0.8171273469924927,0.3247714638710022,0.6201849937438965,0.8360554981231689,High
idna,3.7,None,None,0,0,0,0,19,0.1651506870985031,0.9834641814231873,0.4924760848283768,0.8022571745514869,Medium
urllib3,2.2.2,None,"brotli>=1.0.9,brotlicffi>=0.8.0,h2<5,>=4,pysocks!=1.5.7,<2.0,>=1.5.6,zstandard>=0.18.0",0,5,5,13,301,0.9596449732780457,0.9358816146850586,0.9501396298408509,0.9350418889522553,Critical
certifi,2024.7.4,None,None,0,0,0,2,21,0.18733727931976318,0.004484859760850668,0.11419631149619817,0.9157411065511405,Low
chardet,5.2.0,None,None,0,0,0,14,225,0.8963103294372559,0.34800150990486145,0.676986801624298,0.8530960404872894,High
python-dotenv,1.2.2,None,click>=5.0,0,1,1,4,0,0.019219480454921722,0.21476846933364868,0.09743907600641251,0.9207682771980762,Low
yarl,1.22.0,None,"idna>=2.0,multidict>=4.0,propcache>=0.2.1",0,3,3,4,56,0.1964026242494583,0.02967245876789093,0.12971055805683135,0.9110868325829505,Low
tqdm,4.67.1,"colorama,pytest-cov,requests,requests","brotli>=1.0.9,brotlicffi>=0.8.0,certifi,chardet,charset-normalizer,coverage[toml]>=7.10.6,h2<5,>=4,idna,ipywidgets>=6,nbval,pluggy>=1.2,process-tests,pysocks,pysocks!=1.5.7,<2.0,>=1.5.6,pytest-asyncio>=0.24,pytest-timeout,pytest-xdist,pytest>=6,pytest>=7,slack-sdk,urllib3,virtualenv,zstandard>=0.18.0",4,23,27,7,60,0.5205369591712952,0.14548256993293762,0.3705152034759521,0.8388454389572143,Medium
numpy,2.0.1,None,None,0,0,0,0,1168,0.01268985029309988,0.04643041640520096,0.026186076737940312,0.9421441769786179,Low
Jinja2,3.1.4,None,"babel>=2.7,markupsafe>=2.0",0,2,2,96,280,0.9291521906852722,0.20432205498218536,0.6392201364040374,0.8417660409212112,High
notebook,7.2.1,"ipykernel,requests","appnope,brotli>=1.0.9,brotlicffi>=0.8.0,certifi,chardet,charset-normalizer,comm>=0.1.1,contourpy>=1.0.1,coverage[toml],coverage[toml]>=7.10.6,curio,cycler>=0.10,debugpy>=1.6.5,enum34,flaky,fonttools>=4.22.0,h2<5,>=4,hatch,idna,importlib-resources>=5.0,ipaddress,ipyparallel,ipython>=7.23.1,jupyter-client>=6.1.12,jupyter-core!=5.0.*,>=4.12,jupyter-server<3,>=2.4.0,jupyter-server[test]<3,>=2.4.0,jupyterlab-server<3,>=2.27.1,jupyterlab-server[test]<3,>=2.27.1,jupyterlab<4.3,>=4.2.0,kiwisolver>=1.3.1,matplotlib,matplotlib-inline>=0.1,meson-python<0.17.0,>=0.13.1,mock,myst-parser,nbsphinx,nbval,nest-asyncio,notebook-shim<0.3,>=0.2,numpy>=1.23,packaging,packaging>=20.0,pillow>=8,pluggy>=1.2,pre-commit,process-tests,psutil,pybind11!=2.13.3,>=2.13.2,pydata-sphinx-theme,pyparsing>=2.3.1,pyqt5,pyside6,pysocks,pysocks!=1.5.7,<2.0,>=1.5.6,pytest-asyncio>=0.23.5,pytest-console-scripts,pytest-cov,pytest-timeout,pytest-tornasync,pytest-xdist,pytest>=7,pytest>=7.0,python-dateutil>=2.7,pywin32,pyzmq>=24,setuptools>=64,setuptools_scm>=7,sphinx,sphinx-autodoc-typehints,sphinx>=1.3.6,sphinxcontrib-github-alt,sphinxcontrib-spelling,tornado>=6.1,tornado>=6.2.0,traitlets>=5.4.0,trio,urllib3,virtualenv,wmi,zstandard>=0.18.0",2,81,83,0,7,0.05607382953166962,0.9893186688423157,0.4293717652559281,0.8211884704232215,Medium
pandas,2.2.2,None,"adbc-driver-postgresql>=0.8.0,adbc-driver-sqlite>=0.8.0,beautifulsoup4>=4.11.2,bottleneck>=1.3.6,dataframe-api-compat>=0.1.7,fastparquet>=2022.12.0,fsspec>=2022.11.0,gcsfs>=2022.11.0,html5lib>=1.1,hypothesis>=6.46.1,jinja2>=3.1.2,lxml>=4.9.2,matplotlib>=3.6.3,numba>=0.56.4,numexpr>=2.8.4,numpy>=1.22.4,numpy>=1.23.2,numpy>=1.26.0,odfpy>=1.4.1,openpyxl>=3.1.0,pandas-gbq>=0.19.0,psycopg2>=2.9.6,pyarrow>=10.0.1,pymysql>=1.0.2,pyqt5>=5.15.9,pyreadstat>=1.2.0,pytest-xdist>=2.2.0,pytest>=7.3.2,python-calamine>=0.1.7,python-dateutil>=2.8.2,pytz>=2020.1,pyxlsb>=1.0.10,qtpy>=2.3.0,s3fs>=2022.11.0,scipy>=1.10.0,sqlalchemy>=2.0.0,tables>=3.8.0,tabulate>=0.9.0,tzdata>=2022.7,xarray>=2022.12.0,xlrd>=2.0.1,xlsxwriter>=3.0.5,zstandard>=0.19.0",0,43,43,0,4113,0.09030704200267792,0.03685041144490242,0.06892438977956772,0.9293226830661296,Low
pyarrow,23.0.0,None,None,0,0,0,0,365,0.2297656536102295,0.992476761341095,0.5348500967025758,0.8104550290107727,Medium
packaging,26.0,None,None,0,0,0,0,101,0.05813213065266609,0.2979561388492584,0.154061733931303,0.9037814798206091,Low
colorama,0.4.6,None,None,0,0,0,0,33,0.002562033012509346,0.19017532467842102,0.07760734967887402,0.9267177950963378,Low
ipykernel,6.29.5,"nest-asyncio,packaging,psutil,matplotlib,pytest-cov,pytest-cov","appnope,comm>=0.1.1,contourpy>=1.0.1,coverage[toml],coverage[toml]>=7.10.6,curio,cycler>=0.10,debugpy>=1.6.5,enum34,flaky,fonttools>=4.22.0,ipaddress,ipyparallel,ipython>=7.23.1,jupyter-client>=6.1.12,jupyter-core!=5.0.*,>=4.12,kiwisolver>=1.3.1,matplotlib-inline>=0.1,meson-python<0.17.0,>=0.13.1,mock,myst-parser,numpy>=1.23,packaging>=20.0,pillow>=8,pluggy>=1.2,pre-commit,process-tests,pybind11!=2.13.3,>=2.13.2,pydata-sphinx-theme,pyparsing>=2.3.1,pyqt5,pyside6,pytest-asyncio>=0.23.5,pytest-timeout,pytest-xdist,pytest>=7,pytest>=7.0,python-dateutil>=2.7,pywin32,pyzmq>=24,setuptools>=64,setuptools_scm>=7,sphinx,sphinx-autodoc-typehints,sphinxcontrib-github-alt,sphinxcontrib-spelling,tornado>=6.1,traitlets>=5.4.0,trio,virtualenv,wmi",6,51,57,0,16,0.05041816830635071,0.34106045961380005,0.16667508482933044,0.8999974745512008,Low
nest-asyncio,1.6.0,None,None,0,0,0,0,0,0.0008051272016018629,0.19232667982578278,0.07741374825127423,0.9267758755246177,Low
psutil,6.0.0,pywin32,"enum34,ipaddress,mock,wmi",1,4,5,0,151,0.04510414972901344,0.1954529881477356,0.10524368509650231,0.9184268944710493,Low
matplotlib,3.10.6,None,"contourpy>=1.0.1,cycler>=0.10,fonttools>=4.22.0,kiwisolver>=1.3.1,meson-python<0.17.0,>=0.13.1,numpy>=1.23,packaging>=20.0,pillow>=8,pybind11!=2.13.3,>=2.13.2,pyparsing>=2.3.1,python-dateutil>=2.7,setuptools>=64,setuptools_scm>=7",0,13,13,0,252,0.01881791278719902,0.0063751470297575,0.013840806484222413,0.9458477580547332,Low
pywin32,311,None,None,0,0,0,0,0,0.0077516851015388966,0.34261196851730347,0.14169579846784472,0.9074912604596466,Low
